model	aeon [time]	mts-nfvs [time]	balm-block [time]	balm-full-expand [time]	balm-full-attractors [time]	balm-full-total [time]	attractors	full-sd-size
nk2-n10_0	0.02	0.46	0.12	0.12	0.11	0.23	1	2
nk2-n10_1	0.01	0.42	0.12	0.12	0.12	0.24	1	2
nk2-n10_10	0.01	0.45	0.12	0.12	0.12	0.24	1	2
nk2-n10_11	0.01	0.46	0.13	0.12	0.13	0.25	1	2
nk2-n10_12	0.01	0.43	0.12	0.11	0.12	0.23	1	2
nk2-n10_13	0.02	0.49	0.14	0.13	0.13	0.26	5	19
nk2-n10_14	0.01	0.43	0.12	0.12	0.12	0.24	1	2
nk2-n10_15	0.01	0.38	0.11	0.12	0.12	0.24	1	2
nk2-n10_16	0.01	0.48	0.12	0.11	0.12	0.23	2	3
nk2-n10_17	0.01	0.43	0.12	0.12	0.12	0.24	1	2
nk2-n10_18	0.02	0.39	0.11	0.12	0.12	0.24	1	1
nk2-n10_19	0.01	0.41	0.13	0.12	0.13	0.25	2	5
nk2-n10_2	0.02	0.44	0.13	0.12	0.12	0.24	2	4
nk2-n10_20	0.02	0.49	0.13	0.12	0.12	0.24	1	2
nk2-n10_21	0.01	0.42	0.12	0.12	0.12	0.24	5	9
nk2-n10_22	0.01	0.44	0.12	0.12	0.13	0.25	1	1
nk2-n10_23	0.01	0.43	0.12	0.12	0.12	0.24	1	2
nk2-n10_24	0.01	0.40	0.11	0.12	0.12	0.24	2	3
nk2-n10_25	0.02	0.46	0.12	0.12	0.12	0.24	2	3
nk2-n10_26	0.01	0.47	0.12	0.12	0.11	0.23	6	14
nk2-n10_27	0.01	0.46	0.11	0.12	0.12	0.24	1	2
nk2-n10_28	0.02	0.45	0.12	0.12	0.12	0.24	1	2
nk2-n10_29	0.02	0.42	0.12	0.11	0.12	0.23	1	1
nk2-n10_3	0.01	0.40	0.14	0.12	0.13	0.25	2	3
nk2-n10_30	0.02	0.40	0.12	0.12	0.12	0.24	3	5
nk2-n10_31	0.01	0.40	0.13	0.12	0.12	0.24	3	6
nk2-n10_32	0.01	0.41	0.12	0.11	0.12	0.23	1	2
nk2-n10_33	0.01	0.02	0.12	0.11	0.12	0.23	1	1
nk2-n10_34	0.01	0.41	0.12	0.12	0.12	0.24	1	2
nk2-n10_35	0.01	0.02	0.11	0.12	0.12	0.24	1	1
nk2-n10_36	0.02	0.42	0.12	0.12	0.12	0.24	1	1
nk2-n10_37	0.02	0.42	0.12	0.12	0.13	0.25	1	1
nk2-n10_38	0.01	0.44	0.12	0.12	0.12	0.24	6	9
nk2-n10_39	0.01	0.44	0.12	0.11	0.12	0.23	2	3
nk2-n10_4	0.01	0.46	0.12	0.12	0.12	0.24	3	6
nk2-n10_40	0.01	0.45	0.14	0.13	0.13	0.26	16	45
nk2-n10_41	0.03	0.45	0.13	0.12	0.13	0.25	2	5
nk2-n10_42	0.01	0.42	0.12	0.12	0.12	0.24	1	1
nk2-n10_43	0.02	0.41	0.12	0.11	0.12	0.23	2	3
nk2-n10_44	0.01	0.41	0.12	0.13	0.13	0.26	3	9
nk2-n10_45	0.02	0.50	0.12	0.11	0.13	0.24	1	2
nk2-n10_46	0.01	0.44	0.11	0.12	0.11	0.23	1	1
nk2-n10_47	0.02	0.40	0.12	0.13	0.13	0.26	1	2
nk2-n10_48	0.02	0.42	0.12	0.11	0.12	0.23	1	2
nk2-n10_49	0.02	0.42	0.12	0.11	0.13	0.24	2	3
nk2-n10_5	0.01	0.43	0.12	0.14	0.12	0.26	1	2
nk2-n10_50	0.01	0.44	0.11	0.13	0.12	0.25	2	3
nk2-n10_51	0.02	0.39	0.13	0.12	0.12	0.24	1	2
nk2-n10_52	0.02	0.44	0.13	0.11	0.12	0.23	1	2
nk2-n10_53	0.02	0.43	0.12	0.12	0.12	0.24	1	1
nk2-n10_54	0.02	0.42	0.13	0.12	0.13	0.25	2	8
nk2-n10_55	0.01	0.43	0.12	0.11	0.12	0.23	2	4
nk2-n10_56	0.01	0.45	0.12	0.12	0.11	0.23	1	1
nk2-n10_57	0.01	0.43	0.13	0.12	0.13	0.25	1	2
nk2-n10_58	0.01	0.42	0.12	0.12	0.13	0.25	3	6
nk2-n10_59	0.02	0.44	0.12	0.12	0.13	0.25	1	1
nk2-n10_6	0.02	0.44	0.11	0.12	0.13	0.25	2	3
nk2-n10_60	0.01	0.42	0.11	0.11	0.12	0.23	1	1
nk2-n10_61	0.02	0.45	0.12	0.12	0.14	0.26	1	2
nk2-n10_62	0.01	0.43	0.12	0.12	0.11	0.23	2	3
nk2-n10_63	0.01	0.45	0.13	0.12	0.12	0.24	2	3
nk2-n10_64	0.01	0.41	0.11	0.12	0.12	0.24	2	3
nk2-n10_65	0.01	0.41	0.12	0.12	0.12	0.24	1	2
nk2-n10_66	0.01	0.48	0.12	0.11	0.12	0.23	2	3
nk2-n10_67	0.01	0.43	0.12	0.12	0.11	0.23	4	7
nk2-n10_68	0.01	0.43	0.13	0.12	0.12	0.24	5	8
nk2-n10_69	0.02	0.44	0.12	0.13	0.12	0.25	1	1
nk2-n10_7	0.01	0.51	0.12	0.12	0.12	0.24	1	1
nk2-n10_70	0.01	0.43	0.14	0.12	0.12	0.24	2	3
nk2-n10_71	0.01	0.46	0.12	0.12	0.11	0.23	4	5
nk2-n10_72	0.01	0.38	0.13	0.12	0.11	0.23	1	1
nk2-n10_73	0.01	0.40	0.13	0.11	0.12	0.23	1	3
nk2-n10_74	0.01	0.39	0.13	0.12	0.12	0.24	1	2
nk2-n10_75	0.02	0.40	0.13	0.12	0.12	0.24	4	11
nk2-n10_76	0.01	0.42	0.13	0.11	0.13	0.24	2	5
nk2-n10_77	0.01	0.37	0.13	0.12	0.13	0.25	3	5
nk2-n10_78	0.01	0.02	0.11	0.12	0.11	0.23	1	1
nk2-n10_79	0.02	0.38	0.12	0.11	0.11	0.22	1	1
nk2-n10_8	0.02	0.36	0.12	0.12	0.12	0.24	1	1
nk2-n10_80	0.01	0.42	0.12	0.12	0.12	0.24	1	2
nk2-n10_81	0.02	0.38	0.11	0.12	0.12	0.24	2	3
nk2-n10_82	0.01	0.42	0.12	0.12	0.12	0.24	1	1
nk2-n10_83	0.02	0.35	0.11	0.11	0.12	0.23	2	3
nk2-n10_84	0.01	0.38	0.12	0.12	0.12	0.24	2	5
nk2-n10_85	0.01	0.02	0.12	0.12	0.11	0.23	1	1
nk2-n10_86	0.03	0.41	0.13	0.13	0.13	0.26	3	12
nk2-n10_87	0.01	0.38	0.12	0.11	0.11	0.22	2	3
nk2-n10_88	0.02	0.37	0.12	0.12	0.13	0.25	1	1
nk2-n10_89	0.01	0.42	0.12	0.12	0.12	0.24	2	3
nk2-n10_9	0.01	0.02	0.12	0.12	0.12	0.24	1	1
nk2-n10_90	0.02	0.40	0.12	0.12	0.12	0.24	1	1
nk2-n10_91	0.02	0.41	0.12	0.12	0.13	0.25	2	5
nk2-n10_92	0.01	0.43	0.12	0.12	0.12	0.24	2	3
nk2-n10_93	0.01	0.43	0.12	0.12	0.12	0.24	2	3
nk2-n10_94	0.01	0.45	0.12	0.12	0.11	0.23	2	3
nk2-n10_95	0.01	0.42	0.13	0.12	0.13	0.25	1	2
nk2-n10_96	0.02	0.43	0.12	0.11	0.12	0.23	1	3
nk2-n10_97	0.01	0.46	0.13	0.13	0.13	0.26	3	11
nk2-n10_98	0.02	0.45	0.12	0.12	0.12	0.24	2	3
nk2-n10_99	0.02	0.47	0.12	0.13	0.12	0.25	2	3
nk2-n1280_0		7.84					8	
nk2-n1280_1		6.67					2	
nk2-n1280_10		4.64					1	
nk2-n1280_11		5.14					2	
nk2-n1280_12		4.68					1	
nk2-n1280_13		37.47					3	
nk2-n1280_14		4.81					4	
nk2-n1280_15		4.52					1	
nk2-n1280_16		7.13					2	
nk2-n1280_17		4.78					32	
nk2-n1280_18		27.29					6	
nk2-n1280_19		4.56					2	
nk2-n1280_2		9.04					2	
nk2-n1280_20		7.05					1	
nk2-n1280_21		4.64					1	
nk2-n1280_22		5.05					10	
nk2-n1280_23		4.59					8	
nk2-n1280_24		9.23					2	
nk2-n1280_25		4.69					6	
nk2-n1280_26		5.83					2	
nk2-n1280_27		5.56					2	
nk2-n1280_28		5.04					16	
nk2-n1280_29		23.04					4	
nk2-n1280_3		10.57					2	
nk2-n1280_30		5.10					3	
nk2-n1280_31		8.61					2	
nk2-n1280_32		5.50					2	
nk2-n1280_33		6.80					2	
nk2-n1280_34		4.58					2	
nk2-n1280_35		4.65					2	
nk2-n1280_36		5.63					4	
nk2-n1280_37		4.78					1	
nk2-n1280_38		4.96					3	
nk2-n1280_39		17.05					3	
nk2-n1280_4		4.61					2	
nk2-n1280_40		6.62					4	
nk2-n1280_41		5.21					3	
nk2-n1280_42		1091.39					4	
nk2-n1280_43		5.26					2	
nk2-n1280_44								
nk2-n1280_45		5.93					4	
nk2-n1280_46		1609.37					2	
nk2-n1280_47		4.63					4	
nk2-n1280_48								
nk2-n1280_49		8.77					4	
nk2-n1280_5								
nk2-n1280_50		5.76					2	
nk2-n1280_51		4.66					1	
nk2-n1280_52		4.60					2	
nk2-n1280_53		4.72					2	
nk2-n1280_54		4.69					4	
nk2-n1280_55		5.32					12	
nk2-n1280_56		7.35					2	
nk2-n1280_57		14.30					2	
nk2-n1280_58		4.68					2	
nk2-n1280_59								
nk2-n1280_6		6.62					1	
nk2-n1280_60		7.39					2	
nk2-n1280_61		7.61					1	
nk2-n1280_62		4.65					2	
nk2-n1280_63		4.90					2	
nk2-n1280_64		6.54					1	
nk2-n1280_65		4.56					8	
nk2-n1280_66		7.84					2	
nk2-n1280_67		5.59					4	
nk2-n1280_68		4.22					1	
nk2-n1280_69		8.37					12	
nk2-n1280_7		47.20					2	
nk2-n1280_70		4.67					1	
nk2-n1280_71		6.20					4	
nk2-n1280_72		5.20					4	
nk2-n1280_73		6.06					8	
nk2-n1280_74		4.61					4	
nk2-n1280_75		5.87					2	
nk2-n1280_76		5.19					2	
nk2-n1280_77		7.96					4	
nk2-n1280_78		6.90					1	
nk2-n1280_79		6.16					5	
nk2-n1280_8		6.25					6	
nk2-n1280_80		4.76					8	
nk2-n1280_81		5.92					4	
nk2-n1280_82		9.20					1	
nk2-n1280_83		5.85					2	
nk2-n1280_84		8.72					1	
nk2-n1280_85		6.71					2	
nk2-n1280_86		5.16					2	
nk2-n1280_87		4.65					1	
nk2-n1280_88		5.60					4	
nk2-n1280_89		5.98					4	
nk2-n1280_9								
nk2-n1280_90		5.93					1	
nk2-n1280_91		5.12					1	
nk2-n1280_92		8.96					1	
nk2-n1280_93		8.53					1	
nk2-n1280_94		4.61					2	
nk2-n1280_95		6.43					2	
nk2-n1280_96		6.62					8	
nk2-n1280_97		12.81					2	
nk2-n1280_98		4.79					4	
nk2-n1280_99								
nk2-n160_0		0.45					1	
nk2-n160_1		0.45					6	
nk2-n160_10		0.83					8	
nk2-n160_11		0.68					3	
nk2-n160_12		0.90					1	
nk2-n160_13		0.14					1	
nk2-n160_14		0.59					3	
nk2-n160_15		0.40					4	
nk2-n160_16		0.51					2	
nk2-n160_17		0.43					1	
nk2-n160_18		0.63					2	
nk2-n160_19		0.06					1	
nk2-n160_2		0.76					1	
nk2-n160_20		0.47					2	
nk2-n160_21		0.49					2	
nk2-n160_22		0.42					1	
nk2-n160_23		0.41					2	
nk2-n160_24		0.42					2	
nk2-n160_25		0.47					1	
nk2-n160_26		0.46					2	
nk2-n160_27		0.56					1	
nk2-n160_28		0.62					6	
nk2-n160_29		0.06					1	
nk2-n160_3		0.06					1	
nk2-n160_30		0.49					4	
nk2-n160_31		0.72					2	
nk2-n160_32		1.55					1	
nk2-n160_33		0.41					1	
nk2-n160_34		0.49					6	
nk2-n160_35		0.42					4	
nk2-n160_36								
nk2-n160_37		0.52					1	
nk2-n160_38		0.62					4	
nk2-n160_39		0.70					12	
nk2-n160_4		0.41					2	
nk2-n160_40		0.68					6	
nk2-n160_41		0.67					1	
nk2-n160_42		0.59					1	
nk2-n160_43		0.39					2	
nk2-n160_44		0.53					2	
nk2-n160_45		0.45					2	
nk2-n160_46		0.06					1	
nk2-n160_47								
nk2-n160_48		0.46					2	
nk2-n160_49		0.53					4	
nk2-n160_5		0.39					1	
nk2-n160_50		0.59					2	
nk2-n160_51		0.06					1	
nk2-n160_52		0.77					2	
nk2-n160_53		0.41					4	
nk2-n160_54		0.68					1	
nk2-n160_55		0.65					3	
nk2-n160_56		0.43					2	
nk2-n160_57		0.50					1	
nk2-n160_58		0.73					9	
nk2-n160_59		0.49					4	
nk2-n160_6		0.67					3	
nk2-n160_60		0.68					1	
nk2-n160_61		0.39					2	
nk2-n160_62		0.58					10	
nk2-n160_63		0.47					2	
nk2-n160_64		0.48					2	
nk2-n160_65		0.54					2	
nk2-n160_66		0.50					4	
nk2-n160_67		0.44					2	
nk2-n160_68		0.86					10	
nk2-n160_69		0.78					1	
nk2-n160_7		0.06					1	
nk2-n160_70		0.62					3	
nk2-n160_71		0.48					7	
nk2-n160_72		0.81					4	
nk2-n160_73		0.70					3	
nk2-n160_74		0.59					2	
nk2-n160_75		0.46					2	
nk2-n160_76		0.43					1	
nk2-n160_77		0.54					4	
nk2-n160_78		0.60					3	
nk2-n160_79		0.39					2	
nk2-n160_8		0.40					2	
nk2-n160_80		0.42					1	
nk2-n160_81								
nk2-n160_82		0.46					2	
nk2-n160_83		0.49					3	
nk2-n160_84		0.48					4	
nk2-n160_85		0.06					1	
nk2-n160_86		0.45					2	
nk2-n160_87		0.46					4	
nk2-n160_88		0.49					8	
nk2-n160_89		0.71					2	
nk2-n160_9		0.49					2	
nk2-n160_90		0.60					4	
nk2-n160_91		0.67					1	
nk2-n160_92		0.46					4	
nk2-n160_93		0.47					2	
nk2-n160_94		0.53					3	
nk2-n160_95		0.66					1	
nk2-n160_96		0.40					1	
nk2-n160_97		0.49					2	
nk2-n160_98		0.55					4	
nk2-n160_99		0.74					4	
nk2-n20_0	0.01	0.50	0.14	0.13	0.13	0.26	6	14
nk2-n20_1	0.01	0.45	0.11	0.11	0.11	0.22	1	2
nk2-n20_10	0.02	0.49	0.12	0.12	0.12	0.24	1	2
nk2-n20_11	0.02	0.43	0.12	0.13	0.12	0.25	1	1
nk2-n20_12	0.01	0.39	0.13	0.12	0.13	0.25	1	2
nk2-n20_13	0.02	0.39	0.12	0.12	0.12	0.24	8	9
nk2-n20_14	0.01	0.41	0.12	0.12	0.12	0.24	2	3
nk2-n20_15	0.02	0.02	0.12	0.12	0.12	0.24	1	1
nk2-n20_16	0.02	0.39	0.12	0.12	0.12	0.24	1	1
nk2-n20_17	0.01	0.40	0.12	0.11	0.12	0.23	1	2
nk2-n20_18	0.02	0.46	0.12	0.12	0.12	0.24	1	1
nk2-n20_19	0.01	0.42	0.12	0.12	0.12	0.24	1	2
nk2-n20_2	0.01	0.45	0.11	0.12	0.12	0.24	1	1
nk2-n20_20	0.02	0.52	0.13	0.12	0.13	0.25	1	2
nk2-n20_21	0.01	0.39	0.13	0.12	0.13	0.25	2	5
nk2-n20_22	0.02	0.02	0.11	0.12	0.11	0.23	1	1
nk2-n20_23	0.01	0.38	0.13	0.12	0.12	0.24	2	4
nk2-n20_24	0.01	0.34	0.13	0.11	0.13	0.24	1	1
nk2-n20_25	0.01	0.42	0.12	0.12	0.12	0.24	1	2
nk2-n20_26	0.01	0.03	0.12	0.12	0.12	0.24	1	1
nk2-n20_27	0.01	0.02	0.11	0.11	0.12	0.23	1	1
nk2-n20_28	0.02	0.45	0.15	0.12	0.14	0.26	1	2
nk2-n20_29	0.02	0.43	0.14	0.13	0.14	0.27	6	25
nk2-n20_3	0.02	0.50	0.14	0.13	0.13	0.26	2	6
nk2-n20_30	0.02	0.52	0.14	0.11	0.12	0.23	3	5
nk2-n20_31	0.02	0.42	0.12	0.12	0.12	0.24	1	2
nk2-n20_32	0.02	0.48	0.16	0.14	0.14	0.28	8	27
nk2-n20_33	0.01	0.38	0.12	0.11	0.11	0.22	2	3
nk2-n20_34	0.02	0.44	0.13	0.12	0.13	0.25	1	4
nk2-n20_35	0.01	0.38	0.12	0.11	0.12	0.23	2	4
nk2-n20_36	0.02	0.39	0.13	0.12	0.13	0.25	2	6
nk2-n20_37	0.01	0.43	0.12	0.12	0.12	0.24	2	3
nk2-n20_38	0.03	0.45	0.12	0.12	0.12	0.24	1	2
nk2-n20_39	0.02	0.40	0.12	0.12	0.11	0.23	2	3
nk2-n20_4	0.02	0.42	0.12	0.11	0.12	0.23	1	2
nk2-n20_40	0.02	0.42	0.14	0.14	0.15	0.29	4	19
nk2-n20_41	0.01	0.02	0.11	0.11	0.11	0.22	1	1
nk2-n20_42	0.02	0.68	0.14	0.13	0.14	0.27	6	14
nk2-n20_43	0.03	0.74	0.13	0.13	0.13	0.26	2	4
nk2-n20_44	0.01	0.77	0.13	0.12	0.12	0.24	1	2
nk2-n20_45	0.02	0.52	0.11	0.11	0.12	0.23	8	9
nk2-n20_46	0.02	0.60	0.13	0.12	0.12	0.24	3	5
nk2-n20_47	0.03	0.76	0.14	0.12	0.13	0.25	2	5
nk2-n20_48	0.01	0.55	0.13	0.12	0.12	0.24	2	5
nk2-n20_49	0.04	0.57	0.14	0.13	0.13	0.26	12	17
nk2-n20_5	0.03	0.55	0.14	0.12	0.13	0.25	3	8
nk2-n20_50	0.03	0.59	0.12	0.12	0.13	0.25	2	3
nk2-n20_51	0.01	0.41	0.11	0.11	0.13	0.24	2	5
nk2-n20_52	0.01	0.37	0.13	0.11	0.11	0.22	8	9
nk2-n20_53	0.01	0.49	0.13	0.13	0.12	0.25	4	9
nk2-n20_54	0.03	0.46	0.15	0.14	0.14	0.28	5	14
nk2-n20_55	0.02	0.44	0.13	0.12	0.12	0.24	2	5
nk2-n20_56	0.01	0.42	0.13	0.13	0.13	0.26	3	6
nk2-n20_57	0.02	0.46	0.14	0.13	0.13	0.26	2	4
nk2-n20_58	0.01	0.50	0.13	0.13	0.13	0.26	1	4
nk2-n20_59	0.01	0.43	0.13	0.12	0.11	0.23	2	5
nk2-n20_6	0.02	0.47	0.13	0.13	0.13	0.26	2	5
nk2-n20_60	0.02	0.48	0.15	0.13	0.13	0.26	10	21
nk2-n20_61	0.02	0.47	0.12	0.12	0.12	0.24	1	2
nk2-n20_62	0.01	0.45	0.13	0.13	0.13	0.26	6	14
nk2-n20_63	0.01	0.47	0.11	0.11	0.11	0.22	2	3
nk2-n20_64	0.01	0.45	0.11	0.11	0.11	0.22	1	1
nk2-n20_65	0.01	0.46	0.12	0.12	0.12	0.24	4	7
nk2-n20_66	0.02	0.42	0.11	0.12	0.12	0.24	2	3
nk2-n20_67	0.02	0.50	0.11	0.12	0.11	0.23	1	1
nk2-n20_68	0.10	0.47	0.13	0.12	0.12	0.24	1	1
nk2-n20_69	0.01	0.41	0.13	0.12	0.13	0.25	1	2
nk2-n20_7	0.01	0.41	0.13	0.12	0.11	0.23	2	3
nk2-n20_70	0.01	0.33	0.13	0.11	0.12	0.23	1	1
nk2-n20_71	0.02	0.39	0.13	0.12	0.13	0.25	4	8
nk2-n20_72	0.01	0.02	0.11	0.12	0.12	0.24	1	1
nk2-n20_73	0.01	0.02	0.11	0.11	0.11	0.22	1	1
nk2-n20_74	0.01	0.39	0.13	0.12	0.13	0.25	1	3
nk2-n20_75	0.02	0.47	0.13	0.12	0.12	0.24	1	3
nk2-n20_76	0.01	0.43	0.15	0.12	0.13	0.25	1	1
nk2-n20_77	0.02	0.42	0.11	0.13	0.12	0.25	2	3
nk2-n20_78	0.02	0.46	0.15	0.13	0.13	0.26	2	3
nk2-n20_79	0.01	0.48	0.16	0.12	0.11	0.23	5	14
nk2-n20_8	0.02	0.47	0.13	0.13	0.13	0.26	4	8
nk2-n20_80	0.02	0.46	0.13	0.11	0.12	0.23	1	1
nk2-n20_81	0.02	0.44	0.21	0.12	0.12	0.24	1	2
nk2-n20_82	0.02	0.48	0.12	0.12	0.13	0.25	2	4
nk2-n20_83	0.01	0.51	0.19	0.12	0.12	0.24	2	3
nk2-n20_84	0.03	0.53	0.17	0.12	0.13	0.25	2	4
nk2-n20_85	0.02	0.38	0.16	0.12	0.12	0.24	1	2
nk2-n20_86	0.01	0.44	0.14	0.12	0.12	0.24	2	5
nk2-n20_87	0.02	0.38	0.17	0.11	0.12	0.23	1	1
nk2-n20_88	0.02	0.43	0.16	0.12	0.13	0.25	1	2
nk2-n20_89	0.01	0.46	0.13	0.11	0.12	0.23	1	2
nk2-n20_9	0.03	0.45	0.14	0.13	0.13	0.26	2	8
nk2-n20_90	0.02	0.51	0.21	0.12	0.12	0.24	2	5
nk2-n20_91	0.01	0.46	0.11	0.12	0.11	0.23	1	1
nk2-n20_92	0.02	0.44	0.12	0.12	0.13	0.25	1	3
nk2-n20_93	0.02	0.47	0.18	0.13	0.12	0.25	2	3
nk2-n20_94	0.02	0.46	0.16	0.13	0.13	0.26	1	2
nk2-n20_95	0.02	0.51	0.13	0.12	0.13	0.25	1	2
nk2-n20_96	0.02	0.47	0.14	0.12	0.13	0.25	1	2
nk2-n20_97	0.03	0.52	0.21	0.12	0.14	0.26	2	3
nk2-n20_98	0.01	0.40	0.13	0.13	0.14	0.27	5	11
nk2-n20_99	0.02	0.44	0.14	0.13	0.14	0.27	6	13
nk2-n2560_0		748.46					1	
nk2-n2560_1		24.91					1	
nk2-n2560_10		25.74					2	
nk2-n2560_11		248.07					6	
nk2-n2560_12		27.46					4	
nk2-n2560_13		63.64					24	
nk2-n2560_14		26.10					4	
nk2-n2560_15								
nk2-n2560_16		57.64					2	
nk2-n2560_17		24.52					1	
nk2-n2560_18								
nk2-n2560_19		26.70					8	
nk2-n2560_2		227.84					4	
nk2-n2560_20		26.44					4	
nk2-n2560_21		142.51					5	
nk2-n2560_22		24.75					1	
nk2-n2560_23		30.15					8	
nk2-n2560_24		24.76					2	
nk2-n2560_25		30.61					1	
nk2-n2560_26		29.26					2	
nk2-n2560_27		35.47					10	
nk2-n2560_28		24.40					4	
nk2-n2560_29		57.11					8	
nk2-n2560_3		27.47					1	
nk2-n2560_30		24.92					1	
nk2-n2560_31		24.98					1	
nk2-n2560_32		34.12					1	
nk2-n2560_33		26.64					1	
nk2-n2560_34		26.72					2	
nk2-n2560_35		31.89					4	
nk2-n2560_36		24.46					2	
nk2-n2560_37		25.19					24	
nk2-n2560_38		24.85					1	
nk2-n2560_39		23.91					4	
nk2-n2560_4		29.48					8	
nk2-n2560_40		27.94					1	
nk2-n2560_41		25.38					4	
nk2-n2560_42		26.66					4	
nk2-n2560_43		25.22					2	
nk2-n2560_44		24.06					4	
nk2-n2560_45		31.76					1	
nk2-n2560_46		25.63					8	
nk2-n2560_47		26.52					4	
nk2-n2560_48		24.58					1	
nk2-n2560_49		26.57					4	
nk2-n2560_5		24.77					2	
nk2-n2560_50		24.94					4	
nk2-n2560_51		27.92					4	
nk2-n2560_52		28.14					1	
nk2-n2560_53		27.69					4	
nk2-n2560_54		25.08					8	
nk2-n2560_55		25.69					2	
nk2-n2560_56		24.48					4	
nk2-n2560_57		24.54					2	
nk2-n2560_58		24.41					2	
nk2-n2560_59		99.62					8	
nk2-n2560_6		25.93					2	
nk2-n2560_60		24.79					2	
nk2-n2560_61		28.72					2	
nk2-n2560_62		31.77					8	
nk2-n2560_63		38.43					1	
nk2-n2560_64		25.04					2	
nk2-n2560_65		28.06					2	
nk2-n2560_66		1377.54					14	
nk2-n2560_67		29.44					5	
nk2-n2560_68		25.10					1	
nk2-n2560_69		24.51					2	
nk2-n2560_7								
nk2-n2560_70		25.70					2	
nk2-n2560_71		28.43					1	
nk2-n2560_72		26.90					6	
nk2-n2560_73		26.86					2	
nk2-n2560_74		27.06					2	
nk2-n2560_75		28.94					2	
nk2-n2560_76		26.07					6	
nk2-n2560_77		24.94					1	
nk2-n2560_78								
nk2-n2560_79		24.55					2	
nk2-n2560_8		25.00					3	
nk2-n2560_80		26.17					2	
nk2-n2560_81		25.66					4	
nk2-n2560_82		23.90					2	
nk2-n2560_83		26.33					2	
nk2-n2560_84		29.86					1	
nk2-n2560_85								
nk2-n2560_86		31.35					4	
nk2-n2560_87		32.01					6	
nk2-n2560_88		27.78					4	
nk2-n2560_89		26.44					2	
nk2-n2560_9		25.84					2	
nk2-n2560_90								
nk2-n2560_91		24.99					2	
nk2-n2560_92		26.58					2	
nk2-n2560_93		24.46					1	
nk2-n2560_94		35.80					16	
nk2-n2560_95		30.23					4	
nk2-n2560_96		25.00					2	
nk2-n2560_97		29.14					1	
nk2-n2560_98		26.05					2	
nk2-n2560_99		28.65					6	
nk2-n320_0								
nk2-n320_1		0.82					1	
nk2-n320_10		2.69					2	
nk2-n320_11		0.23					1	
nk2-n320_12		0.89					2	
nk2-n320_13								
nk2-n320_14		0.63					1	
nk2-n320_15		0.53					2	
nk2-n320_16		0.20					1	
nk2-n320_17		0.75					6	
nk2-n320_18		0.53					2	
nk2-n320_19		1.21					8	
nk2-n320_2		0.94					2	
nk2-n320_20		0.19					1	
nk2-n320_21		21.79					2	
nk2-n320_22		0.70					4	
nk2-n320_23		1.15					1	
nk2-n320_24		0.83					6	
nk2-n320_25		0.73					1	
nk2-n320_26		0.80					8	
nk2-n320_27		0.20					1	
nk2-n320_28		0.55					2	
nk2-n320_29		1.03					1	
nk2-n320_3		0.77					1	
nk2-n320_30		0.65					4	
nk2-n320_31		0.96					2	
nk2-n320_32		0.61					2	
nk2-n320_33		1.29					1	
nk2-n320_34		0.58					2	
nk2-n320_35		1.02					3	
nk2-n320_36		0.73					4	
nk2-n320_37		0.53					2	
nk2-n320_38		0.62					4	
nk2-n320_39		1.54					1	
nk2-n320_4		1.44					2	
nk2-n320_40		0.90					1	
nk2-n320_41		0.81					2	
nk2-n320_42		0.87					2	
nk2-n320_43		0.55					2	
nk2-n320_44		0.87					2	
nk2-n320_45		0.80					1	
nk2-n320_46		0.87					2	
nk2-n320_47		0.61					4	
nk2-n320_48		0.59					8	
nk2-n320_49		0.57					1	
nk2-n320_5		0.69					8	
nk2-n320_50		1.80					2	
nk2-n320_51		0.87					2	
nk2-n320_52		46.98					1	
nk2-n320_53		0.59					1	
nk2-n320_54		0.76					4	
nk2-n320_55		0.85					4	
nk2-n320_56		0.63					2	
nk2-n320_57		0.53					2	
nk2-n320_58		0.78					1	
nk2-n320_59		0.60					6	
nk2-n320_6		0.93					1	
nk2-n320_60		0.53					2	
nk2-n320_61		0.58					2	
nk2-n320_62		0.73					4	
nk2-n320_63		0.83					4	
nk2-n320_64		1.34					1	
nk2-n320_65		0.74					2	
nk2-n320_66		0.56					4	
nk2-n320_67		0.82					2	
nk2-n320_68		0.65					1	
nk2-n320_69		0.51					2	
nk2-n320_7		0.72					2	
nk2-n320_70		0.81					2	
nk2-n320_71		0.61					4	
nk2-n320_72		0.21					1	
nk2-n320_73		38.30					2	
nk2-n320_74		0.63					1	
nk2-n320_75		0.53					2	
nk2-n320_76		0.57					1	
nk2-n320_77		0.67					8	
nk2-n320_78		0.90					2	
nk2-n320_79		0.59					1	
nk2-n320_8		1.80					1	
nk2-n320_80		0.62					1	
nk2-n320_81		0.20					1	
nk2-n320_82		1.57					1	
nk2-n320_83		0.75					1	
nk2-n320_84		1.07					28	
nk2-n320_85		1.09					2	
nk2-n320_86		1.70					2	
nk2-n320_87		0.55					1	
nk2-n320_88		0.83					2	
nk2-n320_89		0.72					8	
nk2-n320_9		0.95					8	
nk2-n320_90		0.53					1	
nk2-n320_91		0.20					1	
nk2-n320_92		0.60					1	
nk2-n320_93		0.53					1	
nk2-n320_94		1.58					2	
nk2-n320_95		0.70					4	
nk2-n320_96								
nk2-n320_97		1.03					3	
nk2-n320_98		1.23					3	
nk2-n320_99		0.55					2	
nk2-n40_0	0.65	0.46	0.13	0.11	0.12	0.23	1	1
nk2-n40_1	0.04	0.49	0.12	0.12	0.12	0.24	2	3
nk2-n40_10	0.25	0.54	0.16	0.14	0.14	0.28	3	6
nk2-n40_11	0.12	0.51	0.14	0.12	0.14	0.26	1	1
nk2-n40_12	0.03	0.47	0.14	0.13	0.13	0.26	2	4
nk2-n40_13	0.02	0.48	0.13	0.13	0.13	0.26	2	4
nk2-n40_14	0.02	0.41	0.12	0.12	0.12	0.24	1	2
nk2-n40_15	0.02	0.38	0.13	0.12	0.13	0.25	1	2
nk2-n40_16	0.03	0.44	0.13	0.12	0.12	0.24	2	3
nk2-n40_17	0.60	0.54	0.19	0.13	0.18	0.31	2	5
nk2-n40_18	0.07	0.49	0.15	0.15	0.20	0.35	4	18
nk2-n40_19	0.07	0.46	0.13	0.12	0.13	0.25	1	1
nk2-n40_2	0.01	0.45	0.12	0.12	0.13	0.25	1	1
nk2-n40_20	0.02	0.43	0.12	0.12	0.12	0.24	1	1
nk2-n40_21	0.06	0.47	0.13	0.13	0.13	0.26	1	1
nk2-n40_22	0.03	0.54	0.13	0.12	0.13	0.25	1	2
nk2-n40_23	0.02	0.44	0.13	0.12	0.13	0.25	1	2
nk2-n40_24	0.08	0.52	0.14	0.13	0.14	0.27	1	2
nk2-n40_25	0.02	0.45	0.14	0.13	0.13	0.26	1	3
nk2-n40_26	0.02	0.40	0.11	0.11	0.12	0.23	4	5
nk2-n40_27	0.01	0.41	0.11	0.12	0.12	0.24	1	1
nk2-n40_28	0.01	0.34	0.12	0.12	0.11	0.23	2	3
nk2-n40_29	0.17	0.47	0.13	0.12	0.13	0.25	1	1
nk2-n40_3	0.01	0.02	0.11	0.11	0.12	0.23	1	1
nk2-n40_30	0.02	0.02	0.12	0.11	0.11	0.22	1	1
nk2-n40_31	0.02	0.39	0.13	0.12	0.12	0.24	2	3
nk2-n40_32	0.02	0.34	0.13	0.13	0.12	0.25	6	13
nk2-n40_33	0.01	0.43	0.12	0.12	0.13	0.25	3	5
nk2-n40_34	0.04	0.52	0.15	0.14	0.15	0.29	4	10
nk2-n40_35	0.05	0.47	0.13	0.14	0.13	0.27	4	11
nk2-n40_36	1.86	0.50	2.16	0.13	2.15	2.28	2	3
nk2-n40_37	0.15	0.55	0.15	0.13	0.14	0.27	4	8
nk2-n40_38	0.05	0.51	0.12	0.11	0.11	0.22	1	2
nk2-n40_39	0.07	0.43	0.14	0.13	0.13	0.26	4	9
nk2-n40_4	0.15	0.47	0.19	0.14	0.15	0.29	2	5
nk2-n40_40	0.06	0.44	0.12	0.12	0.12	0.24	1	1
nk2-n40_41	0.04	0.59	0.13	0.12	0.13	0.25	2	5
nk2-n40_42	0.02	0.52	0.12	0.12	0.12	0.24	3	6
nk2-n40_43	0.06	0.47	0.13	0.12	0.12	0.24	1	1
nk2-n40_44	0.02	0.48	0.12	0.12	0.12	0.24	2	3
nk2-n40_45	0.02	0.45	0.12	0.12	0.12	0.24	2	3
nk2-n40_46	0.23	0.59	0.18	0.14	0.14	0.28	2	7
nk2-n40_47	0.02	0.43	0.12	0.12	0.12	0.24	2	3
nk2-n40_48	0.02	0.40	0.13	0.12	0.12	0.24	2	3
nk2-n40_49	0.02	0.42	0.12	0.12	0.12	0.24	1	2
nk2-n40_5	0.04	0.47	0.13	0.14	0.13	0.27	1	2
nk2-n40_50	0.10	0.51	0.14	0.14	0.14	0.28	1	2
nk2-n40_51	0.04	0.47	0.12	0.13	0.13	0.26	2	5
nk2-n40_52	0.05	0.48	0.14	0.13	0.13	0.26	1	4
nk2-n40_53	0.02	0.48	0.12	0.15	0.12	0.27	2	3
nk2-n40_54	0.03	0.50	0.16	0.16	0.16	0.32	3	19
nk2-n40_55	0.02	0.40	0.11	0.12	0.12	0.24	2	3
nk2-n40_56	0.02	0.41	0.11	0.11	0.11	0.22	2	3
nk2-n40_57	0.04	0.45	0.13	0.13	0.13	0.26	4	7
nk2-n40_58	0.19	0.48	0.16	0.12	0.15	0.27	1	1
nk2-n40_59	0.02	0.41	0.11	0.12	0.11	0.23	1	1
nk2-n40_6	0.02	0.03	0.12	0.12	0.11	0.23	1	1
nk2-n40_60	0.69	0.48	0.12	0.12	0.12	0.24	1	1
nk2-n40_61	0.14	0.60	0.14	0.12	0.12	0.24	1	2
nk2-n40_62	0.03	0.51	0.14	0.15	0.16	0.31	1	12
nk2-n40_63	0.04	0.53	0.12	0.12	0.11	0.23	1	1
nk2-n40_64	0.16	0.57	0.19	0.14	0.14	0.28	3	13
nk2-n40_65	0.01	0.49	0.11	0.11	0.11	0.22	1	1
nk2-n40_66	0.02	0.40	0.11	0.12	0.12	0.24	1	1
nk2-n40_67	0.04	0.45	0.14	0.13	0.14	0.27	1	3
nk2-n40_68	0.05	0.51	0.13	0.13	0.13	0.26	1	3
nk2-n40_69	0.02	0.46	0.12	0.14	0.11	0.25	2	3
nk2-n40_7	0.02	0.49	0.12	0.12	0.12	0.24	4	7
nk2-n40_70	0.38	0.56	0.14	0.13	0.14	0.27	2	4
nk2-n40_71	0.03	0.54	0.13	0.13	0.12	0.25	4	7
nk2-n40_72	0.02	0.42	0.11	0.12	0.12	0.24	2	3
nk2-n40_73	0.03	0.43	0.13	0.13	0.13	0.26	2	3
nk2-n40_74	0.03	0.37	0.11	0.12	0.12	0.24	1	1
nk2-n40_75	0.01	0.44	0.16	0.12	0.12	0.24	1	1
nk2-n40_76	0.01	0.41	0.11	0.12	0.11	0.23	2	3
nk2-n40_77	0.05	0.47	0.14	0.13	0.15	0.28	1	6
nk2-n40_78	0.55	0.54	0.14	0.12	0.13	0.25	1	1
nk2-n40_79	0.02	0.47	0.12	0.13	0.12	0.25	2	5
nk2-n40_8	0.04	0.52	0.17	0.14	0.16	0.30	4	11
nk2-n40_80	0.08	0.46	0.17	0.13	0.15	0.28	2	9
nk2-n40_81	0.02	0.45	0.13	0.12	0.12	0.24	1	2
nk2-n40_82	0.02	0.43	0.13	0.13	0.13	0.26	2	5
nk2-n40_83	0.03	0.47	0.13	0.11	0.12	0.23	1	2
nk2-n40_84	0.01	0.39	0.13	0.12	0.12	0.24	12	25
nk2-n40_85	0.12	0.51	0.35	0.29	0.31	0.60	28	73
nk2-n40_86	0.02	0.50	0.11	0.12	0.12	0.24	1	2
nk2-n40_87	0.18	0.54	0.18	0.14	0.19	0.33	4	13
nk2-n40_88	0.02	0.46	0.12	0.12	0.11	0.23	4	7
nk2-n40_89	1.30	0.51	0.13	0.12	0.12	0.24	1	1
nk2-n40_9	0.03	0.42	0.11	0.11	0.12	0.23	1	1
nk2-n40_90	0.03	0.39	0.13	0.12	0.13	0.25	1	2
nk2-n40_91	0.02	0.46	0.14	0.13	0.14	0.27	1	6
nk2-n40_92	0.05	0.44	0.13	0.12	0.12	0.24	1	2
nk2-n40_93	0.03	0.42	0.13	0.12	0.13	0.25	2	5
nk2-n40_94	0.08	0.45	0.13	0.12	0.13	0.25	1	2
nk2-n40_95	0.08	0.46	0.17	0.15	0.15	0.30	3	8
nk2-n40_96	0.02	0.02	0.11	0.13	0.11	0.24	1	1
nk2-n40_97	0.01	0.43	0.11	0.13	0.11	0.24	1	1
nk2-n40_98	0.03	0.47	0.15	0.13	0.13	0.26	3	7
nk2-n40_99	0.01	0.49	0.15	0.12	0.12	0.24	1	2
nk2-n640_0		1.61					2	
nk2-n640_1		1.32					2	
nk2-n640_10		1.75					1	
nk2-n640_11		3.88					4	
nk2-n640_12		1.49					1	
nk2-n640_13		1.41					9	
nk2-n640_14		2.55					2	
nk2-n640_15		1031.39					4	
nk2-n640_16		1.90					1	
nk2-n640_17		1.81					1	
nk2-n640_18		1.35					2	
nk2-n640_19		1.38					1	
nk2-n640_2		2.19					1	
nk2-n640_20		1.22					2	
nk2-n640_21		1.24					8	
nk2-n640_22		2.39					6	
nk2-n640_23		1.72					1	
nk2-n640_24		1.60					3	
nk2-n640_25		3.16					1	
nk2-n640_26								
nk2-n640_27		1.22					3	
nk2-n640_28		1.33					4	
nk2-n640_29		2.64					4	
nk2-n640_3		1.76					2	
nk2-n640_30		8.35					2	
nk2-n640_31		1.18					2	
nk2-n640_32		1.17					2	
nk2-n640_33		2.55					1	
nk2-n640_34		1.61					1	
nk2-n640_35		1.26					1	
nk2-n640_36		1.37					1	
nk2-n640_37		77.39					5	
nk2-n640_38		1.21					2	
nk2-n640_39		1.45					2	
nk2-n640_4		3.71					3	
nk2-n640_40		1.64					6	
nk2-n640_41		4.05					4	
nk2-n640_42		1.19					2	
nk2-n640_43		2.20					8	
nk2-n640_44		1.18					1	
nk2-n640_45		1.37					6	
nk2-n640_46		2.09					2	
nk2-n640_47		1.18					4	
nk2-n640_48		1.44					2	
nk2-n640_49		1.47					4	
nk2-n640_5		1.89					2	
nk2-n640_50		20.01					8	
nk2-n640_51		3.61					3	
nk2-n640_52		10.11					1	
nk2-n640_53		1.75					2	
nk2-n640_54		1.23					2	
nk2-n640_55		1.28					2	
nk2-n640_56		1.20					1	
nk2-n640_57		2.64					3	
nk2-n640_58		1.78					2	
nk2-n640_59		1.17					2	
nk2-n640_6		2.34					1	
nk2-n640_60								
nk2-n640_61		2.48					12	
nk2-n640_62		1.22					2	
nk2-n640_63		2.04					2	
nk2-n640_64		1.19					1	
nk2-n640_65		1.18					1	
nk2-n640_66		2.78					2	
nk2-n640_67		1.89					1	
nk2-n640_68		1.83					1	
nk2-n640_69		2.14					1	
nk2-n640_7		3.49					2	
nk2-n640_70		2.09					3	
nk2-n640_71		1.30					1	
nk2-n640_72		1.57					1	
nk2-n640_73		1.57					6	
nk2-n640_74		1.38					2	
nk2-n640_75		1.58					2	
nk2-n640_76		1.75					6	
nk2-n640_77		1.67					3	
nk2-n640_78		3.58					1	
nk2-n640_79		3.54					6	
nk2-n640_8		4.19					1	
nk2-n640_80		1.65					4	
nk2-n640_81		3.35					2	
nk2-n640_82		2.13					4	
nk2-n640_83		1.24					8	
nk2-n640_84		1.43					2	
nk2-n640_85		1.64					6	
nk2-n640_86		2.59					5	
nk2-n640_87		3.21					2	
nk2-n640_88		3.05					8	
nk2-n640_89		2.99					16	
nk2-n640_9		1.98					5	
nk2-n640_90		1.38					6	
nk2-n640_91								
nk2-n640_92		3.58					1	
nk2-n640_93		2.86					4	
nk2-n640_94		2.31					20	
nk2-n640_95		1.45					9	
nk2-n640_96		2.38					2	
nk2-n640_97		1.32					2	
nk2-n640_98		1.27					1	
nk2-n640_99		1.30					1	
nk2-n80_0	0.04	0.50	0.14	0.13	0.13	0.26	1	2
nk2-n80_1	0.06	0.55	0.14	0.13	0.14	0.27	1	2
nk2-n80_10	0.06	0.45	0.15	0.14	0.13	0.27	2	4
nk2-n80_11	0.63	0.58	0.17	0.14	0.16	0.30	1	2
nk2-n80_12	0.05	0.52	0.13	0.13	0.12	0.25	1	1
nk2-n80_13	11.87	0.64	0.19	0.13	0.18	0.31	1	1
nk2-n80_14	0.05	0.45	0.13	0.13	0.13	0.26	2	3
nk2-n80_15	0.19	0.55	0.17	0.14	0.17	0.31	1	3
nk2-n80_16	0.10	0.53	0.17	0.14	0.14	0.28	1	4
nk2-n80_17	0.04	0.44	0.13	0.12	0.14	0.26	1	1
nk2-n80_18	0.07	0.45	0.18	0.18	0.15	0.33	16	37
nk2-n80_19	0.03	0.40	0.13	0.13	0.12	0.25	1	1
nk2-n80_2	0.20	0.57	0.17	0.14	0.17	0.31	1	3
nk2-n80_20	0.02	0.40	0.12	0.13	0.13	0.26	2	3
nk2-n80_21	0.02	0.04	0.12	0.12	0.12	0.24	1	1
nk2-n80_22	0.09	0.57	0.20	0.15	0.17	0.32	2	6
nk2-n80_23	0.17	0.45	0.16	0.14	0.15	0.29	3	5
nk2-n80_24	0.03	0.03	0.12	0.11	0.12	0.23	1	1
nk2-n80_25	0.20	0.51	0.17	0.13	0.15	0.28	1	3
nk2-n80_26	0.02	0.03	0.12	0.12	0.12	0.24	1	1
nk2-n80_27	0.06	0.51	0.13	0.13	0.14	0.27	2	5
nk2-n80_28	0.22	0.69	0.42	0.29	0.40	0.69	6	26
nk2-n80_29	0.09	0.57	0.14	0.13	0.14	0.27	6	9
nk2-n80_3	0.67	0.63	0.21	0.16	0.17	0.33	4	9
nk2-n80_30	1.26	0.62	0.27	0.28	0.47	0.75	2	20
nk2-n80_31	0.25	0.49	0.13	0.12	0.12	0.24	1	1
nk2-n80_32	0.10	0.47	0.13	0.12	0.12	0.24	1	1
nk2-n80_33	0.66	0.70	0.35	0.24	0.30	0.54	2	18
nk2-n80_34	0.05	0.46	0.14	0.13	0.15	0.28	3	7
nk2-n80_35	0.04	0.53	0.15	0.14	0.14	0.28	3	6
nk2-n80_36	0.05	0.53	0.14	0.13	0.15	0.28	1	3
nk2-n80_37	0.05	0.50	0.14	0.12	0.13	0.25	2	3
nk2-n80_38	0.16	0.55	0.17	0.15	0.17	0.32	1	8
nk2-n80_39	0.03	0.40	0.13	0.13	0.13	0.26	1	2
nk2-n80_4	0.03	0.39	0.13	0.13	0.13	0.26	3	5
nk2-n80_40	0.03	0.38	0.13	0.12	0.13	0.25	1	1
nk2-n80_41	0.07	0.47	0.13	0.12	0.13	0.25	1	1
nk2-n80_42	0.08	0.56	0.15	0.16	0.16	0.32	4	13
nk2-n80_43	0.10	0.58	0.15	0.15	0.16	0.31	2	8
nk2-n80_44	0.02	0.03	0.12	0.13	0.12	0.25	1	1
nk2-n80_45	1.26	10.99	4.60	0.14	4.58	4.72	1	2
nk2-n80_46	0.03	0.43	0.13	0.13	0.12	0.25	4	9
nk2-n80_47	0.05	0.47	0.13	0.14	0.13	0.27	2	3
nk2-n80_48	0.03	0.55	0.12	0.12	0.12	0.24	2	3
nk2-n80_49	0.10	0.68	0.17	0.15	0.15	0.30	4	10
nk2-n80_5	0.74	0.73	0.25	0.15	0.26	0.41	1	4
nk2-n80_50	3.32	0.67	0.14	0.13	0.14	0.27	1	1
nk2-n80_51	0.02	0.48	0.11	0.12	0.11	0.23	2	3
nk2-n80_52	0.16	0.61	0.16	0.14	0.14	0.28	1	4
nk2-n80_53	0.05	0.51	0.16	0.15	0.14	0.29	4	9
nk2-n80_54	0.33	0.57	0.43	0.53	0.62	1.15	16	91
nk2-n80_55	0.04	0.50	0.13	0.13	0.14	0.27	2	5
nk2-n80_56	4.14	0.63	0.31	0.19	0.35	0.54	2	9
nk2-n80_57	0.30	0.56	0.16	0.16	0.17	0.33	1	8
nk2-n80_58	0.03	0.49	0.12	0.13	0.12	0.25	2	3
nk2-n80_59	0.14	0.60	0.14	0.13	0.13	0.26	3	5
nk2-n80_6	0.07	0.61	0.13	0.13	0.13	0.26	2	3
nk2-n80_60	0.05	0.51	0.13	0.13	0.13	0.26	1	3
nk2-n80_61	0.22	0.54	0.12	0.12	0.19	0.31	1	1
nk2-n80_62	0.08	0.61	0.17	0.14	0.15	0.29	2	5
nk2-n80_63	0.05	0.49	0.15	0.14	0.15	0.29	2	5
nk2-n80_64	0.18	0.57	0.21	0.16	0.15	0.31	4	11
nk2-n80_65	0.46	0.56	0.15	0.14	0.13	0.27	2	3
nk2-n80_66	0.11	0.52	0.18	0.15	0.15	0.30	3	7
nk2-n80_67	0.02	0.36	0.13	0.12	0.12	0.24	2	3
nk2-n80_68	0.76	0.52	0.16	0.14	0.14	0.28	2	4
nk2-n80_69	0.03	0.45	0.14	0.14	0.14	0.28	3	6
nk2-n80_7	0.02	0.41	0.13	0.13	0.12	0.25	2	3
nk2-n80_70	0.03	0.41	0.13	0.13	0.12	0.25	1	1
nk2-n80_71	0.02	0.44	0.12	0.12	0.12	0.24	1	1
nk2-n80_72	0.14	0.56	0.23	0.20	0.22	0.42	7	28
nk2-n80_73	25.55	0.64	0.22	0.15	0.28	0.43	1	2
nk2-n80_74	0.03	0.45	0.14	0.13	0.14	0.27	2	9
nk2-n80_75	1.35	0.49	0.15	0.14	0.14	0.28	1	2
nk2-n80_76	0.06	0.48	0.12	0.12	0.12	0.24	1	1
nk2-n80_77	0.04	0.52	0.13	0.14	0.14	0.28	1	5
nk2-n80_78	0.03	0.45	0.12	0.12	0.12	0.24	2	3
nk2-n80_79	0.09	0.65	0.15	0.14	0.15	0.29	2	5
nk2-n80_8	0.10	2.94	0.15	0.14	0.14	0.28	3	5
nk2-n80_80	0.50	0.60	0.14	0.14	0.13	0.27	2	3
nk2-n80_81	14.50	0.60	0.14	0.13	0.14	0.27	1	2
nk2-n80_82	0.03	0.04	0.11	0.13	0.11	0.24	1	1
nk2-n80_83	0.03	0.48	0.12	0.12	0.12	0.24	2	6
nk2-n80_84	0.20	0.69	0.32	0.20	0.22	0.42	3	13
nk2-n80_85	0.14	0.54	0.17	0.15	0.15	0.30	2	6
nk2-n80_86	0.11	0.57	0.19	0.18	0.19	0.37	4	13
nk2-n80_87	0.02	0.45	0.11	0.11	0.12	0.23	1	1
nk2-n80_88	0.51	0.50	0.18	0.15	0.16	0.31	4	8
nk2-n80_89	0.02	0.44	0.12	0.12	0.12	0.24	1	1
nk2-n80_9	0.07	0.58	0.14	0.13	0.12	0.25	1	2
nk2-n80_90	0.14	0.48	0.19	0.15	0.18	0.33	2	9
nk2-n80_91	1.98	0.64	0.18	0.14	0.16	0.30	1	2
nk2-n80_92	0.05	0.58	0.12	0.13	0.13	0.26	1	2
nk2-n80_93	0.65	0.66	0.16	0.14	0.15	0.29	1	3
nk2-n80_94	0.07	0.53	0.14	0.14	0.13	0.27	2	3
nk2-n80_95	0.03	0.42	0.11	0.13	0.12	0.25	2	3
nk2-n80_96	0.13	0.62	0.14	0.13	0.13	0.26	1	2
nk2-n80_97	0.11	0.53	0.15	0.12	0.14	0.26	1	2
nk2-n80_98	0.48	0.53	0.15	0.13	0.13	0.26	1	2
nk2-n80_99	0.09	0.50	0.13	0.12	0.13	0.25	2	3
